SERVITOTAL E Y E LTDA,CR 10 # 22-01,8676408,LUZ MYRIAM GOMEZ SOLER
RELIANZ MINING SOLUTIONS,CL 30 # 19-04,3361200,PAOLO CESAR HERNANDEZ MORALES
INTELCA PST SAS,CR 16 # 80-65,6101216,JENNIFER LORENA VELANDIA BASTIDAS
SECURITAS COLOMBIA SAS,CL 26 #92-32 EDIFICIO GOLD 12,7425301,GISSELLE PAOLA BAYUELO VARELA
AXIOMA GROUP SAS,CL 73 10 83,7425301,RAFAEL ENRIQUE CUCUNUBA ARENAS
GEMA TOURS SA,CL 67 # 6-60,3465025,JULIANA ARRIETA RAMIREZ
WORLEY COLOMBIA SAS,CR 118 # 99-25,7941793,JORGE ALFREDO SALOMON GOMEZ
AMERICANA DE CURTIDOS LTDA Y CIA SCA,BRR LA MARIA KM 2,3633920,ALIRIO BEDOYA CORREA
INVERSIONES INT DE COLOMBIA SAS,CR 78B # 38B - 30 SUR,3183651463,TANIA PAOLA LOZANO BELTRAN
INSTITUTO COLOMBIANO DE BIENESTAR FAMILIAR,CENTRO EDIFICIO CONCASA PISO 17,6646924,PAOLA PATRICIA SOTOMAYOR MARTINEZ
PROCURADURIA GENERAL DE LA NACION,CR 5 # 15 - 68,5878750,WILLIAM FELIPE CASTILLO DOMINGUEZ
IDEAM,CL 25 D # 96 B - 70,3527160,JUAN PABLO MACHADO JIMENEZ
CENTRO DE NEUROREHABILITACION CORAZON DE MARIA SAS,CR 21 # 14-27 FORD,3041460118,YULY PAOLA RIVERA RODRIGUEZ
AREA LIMPIA SERVICIOS MEDIOAMBIENTALES SAS ESP,AV CL 17 # 124-81,3176400249,JESUS OLMAN YUSTY SANABRIA
DENTISTERIA DIGITAL SAS,CR 23 # 124-87,3003152,SANDRA MILENA JARA HERNANDEZ
